Individual,Eating Habits,Height (ft),Weight (lbs),Length (ft),Killer rating,Intelligence,Age (millions of yrs),Image
Pachycephalosaurus,Herbivore,19.7,6614,26.2,2,7,76,https://images.fineartamerica.com/images/artworkimages/mediumlarge/1/pachycephalosaurus-fighting-for-dominance-kurt-miller.jpg
Tyrannosaurus Rex,Carnivore,18.4,13227,39.3,9,9,67,https://images.ctfassets.net/cnu0m8re1exe/wRKl0chaUVLGEz0oSmLZi/00ddc64ff3a278d1855e74978cd17451/shutterstock_2139765345.jpg?fm=jpg&fl=progressive&w=660&h=433&fit=fill
Barosaurus,Herbivore,85.3,8819,85.3,3,2,156,https://dinoanimals.com/wp-content/uploads/2020/07/Barosaurus-13.jpg
Heterodontosaurus,Herbivore,1.6,22,3.9,1,5,208,https://chasmosaurs.com/wp-content/uploads/2020/01/damir-g-martin-finalisms-insta-artst-2scaled2.jpg
Suchomimus,Carnivore,13.1,11023,39.3,8,7,100,https://images.fineartamerica.com/images/artworkimages/mediumlarge/3/suchomimus-in-a-sunlit-forest-daniel-eskridge.jpg
Pachyrhinosaurus,Herbivore,9.8,8000,23,2,4,70,https://cdnb.artstation.com/p/assets/images/images/034/333/351/large/cindy-raggo-pachyc1.jpg?1612023851
Compsognathus,Carnivore,2.3,6.6,4.6,5,7,145,https://render.fineartamerica.com/images/images-profile-flow/400/images-medium-large-5/a-carnivorous-compsognathus-dinosaur-mark-stevenson.jpg
Iguanodon,Herbivore,16.4,9920,32.8,3,6,135,https://render.fineartamerica.com/images/rendered/default/print/6/8/break/images/artworkimages/medium/3/iguanodon-daniel-eskridge.jpg
Pentaceratops,Herbivore,9.8,17636,26.2,3,5,75,https://images.fineartamerica.com/images-medium-large/pentaceratops-dinosaur-artwork-walter-myers.jpg
Coelophysis,Carnivore,6.6,59.5,9.8,4,7,225,https://render.fineartamerica.com/images/images-profile-flow/400/images/artworkimages/mediumlarge/2/coelophysis-looking-at-the-full-moon-daniel-eskridge.jpg
Velociraptor,Carnivore,3.3,33,6.6,9,10,85,https://images.fineartamerica.com/images-medium-large-5/velociraptors-prowling-the-shoreline-daniel-eskridge.jpg
Centrosaurus,Herbivore,6.6,2205,19.7,2,4,76,https://images.fineartamerica.com/images-medium-large-5/centrosaurus-jaime-chirinosscience-photo-library.jpg
Megalosaurus,Carnivore,9.8,2205,29.5,9,8,175,https://images.fineartamerica.com/images/artworkimages/mediumlarge/2/megalosaurus-dinosaur-feeding-mark-p-wittonscience-photo-library.jpg
Protoceratops,Herbivore,4.9,881,6.6,2,4,72,https://images.fineartamerica.com/images-medium-large-5/3-side-profile-of-a-dinosaur-deagostiniuigscience-photo-library.jpg
Giganotosaurus,Carnivore,19.7,17636,52.5,10,7,100,https://images.fineartamerica.com/images/artworkimages/mediumlarge/3/giganotosaurus-in-a-forest-daniel-eskridge.jpg
Brachiosaurus,Herbivore,52.5,17636,85.3,3,2,156,https://render.fineartamerica.com/images/images-profile-flow/400/images/artworkimages/mediumlarge/2/brachiosaurus-valley-daniel-eskridge.jpg
Herrerasaurus,Carnivore,3.3,772,16.4,7,6,230,https://render.fineartamerica.com/images/images-profile-flow/400/images/artworkimages/mediumlarge/3/gallimimus-daniel-eskridge.jpg
Gallimimus,Omnivore,9.8,440.9,18.3,5,7,74,"https://images-wixmp-ed30a86b8c4ca887773594c2.wixmp.com/f/9971ddf5-559a-4aad-bca8-05b7ba7571e1/dcs80he-36b0b917-3dd9-4afa-9de4-2381b24b4449.jpg/v1/fill/w_560,h_350,q_70,strp/triceratops_in_a_forest_by_deskridge_dcs80he-350t.jpg?token=eyJ0eXAiOiJKV1QiLCJhbGciOiJIUzI1NiJ9.eyJzdWIiOiJ1cm46YXBwOjdlMGQxODg5ODIyNjQzNzNhNWYwZDQxNWVhMGQyNmUwIiwiaXNzIjoidXJuOmFwcDo3ZTBkMTg4OTgyMjY0MzczYTVmMGQ0MTVlYTBkMjZlMCIsIm9iaiI6W1t7ImhlaWdodCI6Ijw9NjQwIiwicGF0aCI6IlwvZlwvOTk3MWRkZjUtNTU5YS00YWFkLWJjYTgtMDViN2JhNzU3MWUxXC9kY3M4MGhlLTM2YjBiOTE3LTNkZDktNGFmYS05ZGU0LTIzODFiMjRiNDQ0OS5qcGciLCJ3aWR0aCI6Ijw9MTAyNCJ9XV0sImF1ZCI6WyJ1cm46c2VydmljZTppbWFnZS5vcGVyYXRpb25zIl19.xM5yl1oj6y4lHOpoCoj2IOI8lksTev3ADnqNFRvNa94"
Triceratops,Herbivore,9.8,12125,29.5,2,4,72,"https://images-wixmp-ed30a86b8c4ca887773594c2.wixmp.com/f/c6030c83-d20a-444a-bc0b-f41e06f5def1/d3leef3-cc8f2b38-5e00-4076-9021-2aefa7549697.jpg/v1/fit/w_414,h_266,q_70,strp/corythosaurus_by_swordlord3d_d3leef3-414w.jpg?token=eyJ0eXAiOiJKV1QiLCJhbGciOiJIUzI1NiJ9.eyJzdWIiOiJ1cm46YXBwOjdlMGQxODg5ODIyNjQzNzNhNWYwZDQxNWVhMGQyNmUwIiwiaXNzIjoidXJuOmFwcDo3ZTBkMTg4OTgyMjY0MzczYTVmMGQ0MTVlYTBkMjZlMCIsIm9iaiI6W1t7ImhlaWdodCI6Ijw9NTc4IiwicGF0aCI6IlwvZlwvYzYwMzBjODMtZDIwYS00NDRhLWJjMGItZjQxZTA2ZjVkZWYxXC9kM2xlZWYzLWNjOGYyYjM4LTVlMDAtNDA3Ni05MDIxLTJhZWZhNzU0OTY5Ny5qcGciLCJ3aWR0aCI6Ijw9OTAwIn1dXSwiYXVkIjpbInVybjpzZXJ2aWNlOmltYWdlLm9wZXJhdGlvbnMiXX0.8gikha1j1zxrABKavB553UYDgkkrUv1mG4JEXSyd6CY"
Corythosaurus,Herbivore,16.4,11023,26.2,2,5,80,"https://images-wixmp-ed30a86b8c4ca887773594c2.wixmp.com/f/c6030c83-d20a-444a-bc0b-f41e06f5def1/d3leef3-cc8f2b38-5e00-4076-9021-2aefa7549697.jpg/v1/fit/w_414,h_266,q_70,strp/corythosaurus_by_swordlord3d_d3leef3-414w.jpg?token=eyJ0eXAiOiJKV1QiLCJhbGciOiJIUzI1NiJ9.eyJzdWIiOiJ1cm46YXBwOjdlMGQxODg5ODIyNjQzNzNhNWYwZDQxNWVhMGQyNmUwIiwiaXNzIjoidXJuOmFwcDo3ZTBkMTg4OTgyMjY0MzczYTVmMGQ0MTVlYTBkMjZlMCIsIm9iaiI6W1t7ImhlaWdodCI6Ijw9NTc4IiwicGF0aCI6IlwvZlwvYzYwMzBjODMtZDIwYS00NDRhLWJjMGItZjQxZTA2ZjVkZWYxXC9kM2xlZWYzLWNjOGYyYjM4LTVlMDAtNDA3Ni05MDIxLTJhZWZhNzU0OTY5Ny5qcGciLCJ3aWR0aCI6Ijw9OTAwIn1dXSwiYXVkIjpbInVybjpzZXJ2aWNlOmltYWdlLm9wZXJhdGlvbnMiXX0.8gikha1j1zxrABKavB553UYDgkkrUv1mG4JEXSyd6CY"
Maiasaura,Herbivore,8.2,6614,29.5,2,3,80,"https://images-wixmp-ed30a86b8c4ca887773594c2.wixmp.com/f/392c97f3-119f-4950-af5a-94086c709e42/dc4iw5l-3eb2dc32-8af8-4437-aae1-625ee9d67152.png/v1/fill/w_354,h_250,q_70,strp/maiasaura_by_kookaburrasurvivor_dc4iw5l-250t.jpg?token=eyJ0eXAiOiJKV1QiLCJhbGciOiJIUzI1NiJ9.eyJzdWIiOiJ1cm46YXBwOjdlMGQxODg5ODIyNjQzNzNhNWYwZDQxNWVhMGQyNmUwIiwiaXNzIjoidXJuOmFwcDo3ZTBkMTg4OTgyMjY0MzczYTVmMGQ0MTVlYTBkMjZlMCIsIm9iaiI6W1t7ImhlaWdodCI6Ijw9MTEzMiIsInBhdGgiOiJcL2ZcLzM5MmM5N2YzLTExOWYtNDk1MC1hZjVhLTk0MDg2YzcwOWU0MlwvZGM0aXc1bC0zZWIyZGMzMi04YWY4LTQ0MzctYWFlMS02MjVlZTlkNjcxNTIucG5nIiwid2lkdGgiOiI8PTE2MDAifV1dLCJhdWQiOlsidXJuOnNlcnZpY2U6aW1hZ2Uub3BlcmF0aW9ucyJdfQ.6RIY_TGp1VuAwL2JVLhrnH3AXP3UJWKjWXxMSazugVQ"
Dimorphodon,Carnivore,0.82,8.8,0.82,4,4,200,https://render.fineartamerica.com/images/images-profile-flow/400/images/artworkimages/mediumlarge/2/dimorphodon-pterosaur-with-prey-mark-p-wittonscience-photo-library.jpg
Stegosaurus,Herbivore,9.8,6834,29.5,2,1,76,https://render.fineartamerica.com/images/images-profile-flow/400/images/artworkimages/mediumlarge/2/stegosaurus-in-a-wetland-daniel-eskridge.jpg
Hypsilophodon,Herbivore,2.6,110,6.6,1,6,125,http://images.dinosaurpictures.org/hypsilophodon-1024x636_6963.jpg
Camarasaurus,Herbivore,29.5,4409,59.1,3,2,150,https://sites.google.com/site/paleofilescom/_/rsrc/1263956654226/camarasaurus/Camarasaurus.jpg
Styracosaurus,Herbivore,6.6,6614,16.4,2,3,77,https://render.fineartamerica.com/images/images-profile-flow/400/images/artworkimages/mediumlarge/1/styracosaurus-head-daniel-eskridge.jpg
Euoplocephalus,Herbivore,5.9,4409,19.7,3,3,76,"data:image/jpeg;base64,/9j/4AAQSkZJRgABAQAAAQABAAD/2wCEAAoGCBUVExcVFRYYGBcZGRsdGhkaGyEfIx0hHB8aHCAcIR0jICsjISEpICMhJDUlKCwuMjIyHCE3PDcyOysxMi4BCwsLDw4PHRERHTMoIykzMzMxOTExNDExMTExMTEzMTExMTExMzExMTExMzExMTExMTExMTExMTExMTExMTExMf/AABEIAMIBBAMBIgACEQEDEQH/xAAbAAACAwEBAQAAAAAAAAAAAAAEBQADBgIBB//EAEIQAAIBAgUCAwYDBwMDAwQDAAECEQMhAAQSMUEFUSJhcQYTMoGRoUKx8BQjUmJywdEzkuEHgvEVJENTsrPCNIOi/8QAGQEAAwEBAQAAAAAAAAAAAAAAAQIDAAQF/8QAJhEAAgICAwACAgMAAwAAAAAAAAECERIhAzFBIlEyYRNCcYGRsf/aAAwDAQACEQMRAD8A0PWkMMxuQQJJNxO0bfo4F6LX00q5mf3rbegwX7T5rUWEbECe/Mb3jCrpFBqlKtouFq1DfmwJH67Yn9En2e9JzbBq5MmUVY33AM48yObb3XiJIDAwD5z/AG3xf7L5dYzc8e7APYhTP68zi3JZcNSSVkGqFiJBBN5G21sZdM2zFdZzDNmqrAm73AnsLH5fkMH9KqMUd0/01PibuYJ0LxFpLfSbkJauVD1ah94NBquANQhRqIUb+EQLA8C2NXRVVyTUxGrSx0D+FUMN5T9yDiPxyRd3gW9MqMqb/DS/MW/xi7pY/wDdZlxM+7RfkqUp+4GOsrTADdvcKfnAx70lRrzZLHV44ViJHiINgb7R5WjzpJ9Eorsv6dTqDMVKlKGKUqU0z+OVDEKx+EngfDI41E4+f1CtTMVKrGU1F7wA2oyD95j5Y+h0qlWnVzFSlpL0/dFqTAD3iLTGqDwRuDtwd5Hz/oiqWL1NOmTpPLkkGw38hHJwj9GNn03IoQSZVVcL+8EH+EA8AsbX2JAIvhF7b0FXL0IADVSxOwgDYW/qG8n0Aw/V61WnmB7uA3vWfgCYvG4IiQdwQMZD2nrPUenScmaSeIEWUxwP5gAw8mHOGj0K1sAymkLULm6gAE7aidu0RvO0j5fQugo+haVJilIMBrFnbwu3gH4VmZdoJmQBZsZD2M6OMxXpowPu9Wor30gmSfPYY2+Sy1OnV0+NmNRiGi1kc2M+WxuADvjaYdlFY0hURStSo5HjaSABCgAXk8bm87ycD+ytGi9Rla81qmnVIkangcXgj0JEeWnGTp5Z/fM9QU1pyy6iQggAtuTY+IkbXPGAf+mqH9lR2mWckyZJ8Kzb1m/+BgN7QyWmdUSWq0UHgYCq6ORZhAI7agCWBAMgXkTjFexQapW94fFLOxv8MKzknncW/txtK9INS8e1PJtUkGCp3DA7gjTv/wA4yvsIWRKtgf3LwZAAJ8JHcsBePPiCQj7f+jx0hp7WdOCfsShWIZlBA5KgCN95ae28xF7KvR6mhGDXMQZPJPPP9XM7Wwf7SUyc7kUG6BiSLH4qYm/YAnfvhvlEnL0p3Pu/7YdP5CtaMnlMtU1OqsZABI2MXkDck7GcP2pzlarFXUhKgGq5jQRf6/LfjDPN5VPfFtA1BFvHmR+VsUdZfTlsxbcVBI4sRgyboCjsB6X00NSWbeAEML7bj1HA/wCcL+qZXRWy5XUWfUfDc+ECWWT2i3+bvsnmf/bUjtFNZB3+AX7xzOFmddWq5XVIASpBWZBCrcAXmSOMD+q/4M1sRezroRmmbUymoWCqLsWdwrEWNrQsib9sM0ypmrTmNNFRMQSTLXF4PB3ttxHX/T9QGzTaw3727bA+Or4vL04+WCc6G1ZtlYWCCSNVvdlv4h33nGjpGkjAo4OZfwxDqO+m437/AC7YK61RYZpVqMT4EuwK/iYCx232P5YHpoRmyGKmr78RpBAlGA1Bb9uSb4a9eQ1OpMYB0NRBJ2EBCY73OFGNb0XMHS1Rqli7WYxYm2/0x8r642okFfExLkgnfk27zj6ImUjKVSH3pOWWZ3XULcGbyMfN+rUg7DTYk6W7+HwgTHNjfjG/sFfib3KVz+yoE/06S0UF494VA1ASPhmwabmeN1nQwf2WmO9cGe/gXj6fXDbqNRP2WQp91qj4baVSNt9MCRA2vtfCrpLj3VFQDK1SSRtEU+efTgEHnAl4gLps3HSX/dL6YmOOjIfdLiYagAHWsuxDM28j58fL9b4TdKre7WuBxWqTb+ofXn/zh57S5gBCLTO3zwn9mWDe/BEzUYn6G255xWuiPoN7O9R91TrtUEI9RwzfwQCFLDhbxq2BiYxec0y5alUQEtTqlmWLMsEsB3IA1D0jnA3Q8iz0ajg295V3PAj/AM/LA3VMo1DLCrTYwS2qlPhPhYak/gaO1j25wGnQY9mYyNNtdjtJkGBB8QY9xFxP9sa3ILGScgDS3vD7yfFUbTpLbfCLBSd4MACJy3QKAqaVd9CnYN+IC+mwJiePPyx9Bz2TIySoANRSpABWLkwAR4Y2HliSfyLNfEoo0zCzzRpj6hR5489nCrJmWUR72qsn+p2t/wCLWODlyraA24WlSVtJmCChIMdhN/LCr2Mk5ebQatNY9IP98O3bQiVWedUqVKf7dmENwWp1acyChBp6/VWhgbSs22Ay/sn073lamGcqC4WBYkEgGGF1HmIPpjS9bzQ/Zc+2+vMGn2gBtzzEgjbngSQp9gqK/tNKpUYCdRVTtZW02/EdWkz5cYV9BSNT0rLpTyuZZVA1MwEC8SAJO7H1nGD9o86jZurUBDL4FtcHSqrbvMfoY1+Wz3uumozCULL7xpuo1A6o5E2PaZ9MArzVeoN2Z3EiYBJMkH1n6YbwHpsfYGtUqZnTTWmumkPeVDshJFgJ8RItewmeIOyyd6aHvVqGP/66mMr/ANPXre7b3dOmqnwmpVYywgmQqi5JM+IjkcY0uUqAUqQDAkVGmP6Kg2xooNjLrrfu6omIy1Qz2gHAHsWQMhTZY+GofLnnE9rWP7PXhomgyz31Wj5zHe9se9AGnIpECaVU/Mk/Xt8sCvkhvGLeuIFy2bubZSmkid2LgbXiSJ8pnC72QoqMvVYASVopYR8dQT63HHfBvtBTaplc3oGos2XUAWnRoZuYjAvR1bL5crUWoxepRIVPG2lWk8wBO3rhZfl/2FfiF+0NUnqS2tTyrtJ7xWPf+nGm93ooUl/hNIf/AGjGT9qKyUzVzJY+OloVSIG2ni5kn0g749677TVHoL7kLHgdm/hKsPCOGkjsLYOS7NTNnXSarf0L/wDc2E/tTmHp0JiaTu6VYgEBtmBIMXBG27Lhb132manRWqol6tMBI4KNJLWgiTEcgj1wRVzqVMg6sY1K3xXgiDvzfxAn+2M5IyQ06dVpvl1gAgU4DeQEX7beltxijM0x+00BG1J5+qD7RjMezXUDSqBfwEiZ7d/rxzh/laWjMpTAsgqhf6WKMB8iY+WFvwNeiPolTTSz4aNTVDTttLtVBA+5+WHYoactV41af/xqPzt8sZjIU/8A3GYlvAtasVHdg7gH5SQD5tjXvfKLB3CwYn8bR64PtAr4mAyR1Z+pET+0MDt/9U8734+WCsypOdqkEx74gXn4fimdo02/LbAHQ095nfER/rSbEFpqXsTIHEGd4OD+m1FOYquwjVVqnULiWL2J7Xse48xgMKH3X6JXLJVpnSxRKVT+ZHIUE+akyD21DkR84yVItmKSEyprIWJ/ESygjvF4/wCMfSPbfMGlRSm0GlUCKDFwynVBjcMB8tJ7jGBUNUzNKnTbQWqIAwAMSVWVBm4PO1jbCp/Jha+JsvaeqDScIssGrF32CgK50FhcmL6R5TEjCzKt4MuAL6ySY8IJ91zuT5TyMNfalFTKimsKNFYDU3JBAJJuSSZncmcK8hLigkQo1XEhmJKz/SIA/m9OWfaF8Zuuk0290v8AjExZ0l/3SwDHyxMEwk6zDBiRfVE/PAPQFE5q0fvWj6H9Xww6ywhh/MML+jVNP7TJmKjX24MnHS1pHP6T2Ueco/rU/tgL2vcDJU17sfnx+Rxb7JGMkfQ/eBhb7dsVoZebgs3h58t7R5Hvv3V/iFdiz2eq5erGtFIUeGd+ATNj527b4d52lopgUqpKapKMZglSo8UyBc/EDtvjA1S+XcSrKrglJBBg8QYgjseI8jhhR64xXTIg/F5TN/X58YhKF7XR0RnqmbT2e9pSphviVrg2i5kevl5DnD1K9BzTNGAHqhyosJ0m4HAP5zj5fm6L1R76kv71VHvEXci3jHMjaL2A5nD32P6dVrInvGqUkJYDSYY6Rf4pIHEHGjHdoEpapo76wGbJVAFJNTO1GNrlfEfzjBn/AE7ypU1az3KUnC2jSLfmAb9sZvOVG00iXqP7wMxBaCAGhYIsJg7z5RjV+zGXQZavUINqfgJYnT4XMi/ocM7tIQX9dr1KfSqSiClRtDAi/i1kGRY2BBHmDjNZOjcEVNKp4mEXtcSfMc+RGHntVXQZPLU2kyWcxuNI0gxF/iNrbbjCjo+QDGG1TVtEEDTIgbR8vI4L0gem+6Dml/ZKnugWAVYMEAkgE6TEkydx4djPGFtNHVVVig11IJPcAza3fcd8aCsgWlXUCF+EQYgLpQXHphfS6ciilUeESGYmSTGlmk+gjvtzOClSA9sK63U0dPrEsCBS+KCLl45vueYxdkM8qZZKbEhkpD3ilTYMJibeKIt5jbEz2cVyadNkaFkgw06SHVpB8O0iY2niyTNZ4oirWdA76bwQNiwAUSTsNpJ7jiM5b+JZR1sMqZ9NDVqQNWRCLJVSReBqAG4uYJMC5EjHn7U7U3qFUpvp8I1B+3iOkSVkgH7xBwlzPVn1hFpMRos+qBqYE/CFk8dgSuPR1Z2qtSNIFVsrl4VQOVWI7/IxhXG+zZV0Hmq1SmKuZFNiskIlpbe5jjeL84W5p3zFIa6dSlB/eGZHhvFwCDN4kycd9L62r+8Q02DDUFcGQY21hgZGne8xO2Lsp1GlVd6OrQ6wJZIBhYDSG1CJ7Ww1NGtMX9QrqMsv7P8AvVJ8TFpcAcQTKibxtve+Cs7mw2SNN1dTIYEwLjVEeLmQPn5Y6yHTUYsadNpBbUFkaiJi+1ogEwCCDuMKutdPr1GVWlB+FOO0DveTN/qQMFV0BtrYRRzUT3+EegIj/Hzw79susVKa0XpGHqUgrMvxR4SQD+Ektvv+eMz0n2czNUH3TDSpCtqIGgwpAYTq28v8jXL7G16gVqlekYXSFAOkC2wI5gTvgurQFdCPoOaVkOg8AAcg8Ajg8x5Y271Yy6rPwtSS3cFWPzvjKVOjUMsSahZSBP7t4BHGwB4NrR5zjW9JprXy6mm8aYZJGogi8nV8QM3t6HnCqSu0hqdUzD+zTls2D3rKZ7+MG3Hni32WZXqsCshpgnYhmHhg2Mg/bBmV6HVpZosqF01Bl0yxEQSIgNE2EjaN8Df9Pac1AW/CtptEFBt3+WCtsz0X+3VX3YWg5Yqja6Z3OkgqFk2JVtQvwFJxmPZ3NsucpEqWKsdFMQSSQQLxvIBLGwA7DGs/6gMjVkvJVTtBiT/gThV/04oa8zVqFg/u6LENuQznTudvDq+uBGrZpdDD2myzpQL1HDVDSJ50orOiaaY73+IiWk7CAJkV8eWWLhGMeWqpfbsD9OMXe3NQe7AEH93SA89VUN+S46pf/wAmgOP2fV/u9839xh2toXw1/RZ9yluMTHXSl/dJ/SPyx5ghM71+oBqEgEvtO+FXT3k5rtL/AD8LY49oswtQuoIKFiSYkGLf5uMIE6gaNOtLCKhIBMyZkEjvYm/JjzOKydJHPe6HnR8/Tp5dlZgAIHnqPiIj0K/XCrrPWWq6FpoDokKx0jTP4gTz6fXA2UyAZBUrtCx4KQO8RckXFo2vtfjC/wBo0Rq6ilTgCkCwUbmW8R7nYSfLCtNrbCi2jk0eRWKMWm2sSO2mCYEX84Am+Dcx7KZWktR0epUKrTKAldN3UGSFE77TyMV9Mp6R4qana0XiCNjt/ecH5mkXL6dC6o1QBAAKsbgCQI7Xgd8JBvbKSpUi/M0kpoKqkq6e7DaNxqgBh2IO45HoMN+k9RVxMKtVgxXTZKhYQCvCsSNrCZ53z3VsyHyzAfxJGxtPxG8yRtEgC28nFxYKiusWUmooiefGscwAStpi19zNO7j9BjJdSM9VB98KZBBpqqEbERLHfkk43eTbTkKx7hvnCAYV0mpVAjVF94FACVVJDqLyCb6hcmGmLnDItTOXaklUQxNyvwzBvB4i5tG9rYmppu2O4NIyPWiXq00AkU6Sg/OXN/Qjz2w39kssGrUizqsEN4gBOkmdBAI+LeW/Fvxjin0CQWNYHW82UmYMAAyDwO0DkQJF6zRWkVWkNVXUpGkaefESb2IECY2B4jGcrdCY1tm2zFcaqlJpBdarA9oqPpJ/lMb4WZXqvvWanpKrTRl943hGhwhiDzG5J29cIsylUvTqsdFQKJK/hUSYn+8CIEbY5r1y5dHRRTDkqkXbSdUsfVdo/COZwJSbHSSGmd6uolUUomhZbVE6lgkC0ACbn+UDGdFYjxaXbxatVtXMmX8RnzA27Yp6rU1sCSYBJ9TJAMEQbbTwPMYNoZN2uYuAb+LYGPnYDeeMGMVFbElJt6JSzivUTxSy/hmD4ItDKeRJYRcCe2L8nmx43s0QP6pm4JIU+Gdpje98W/8ApxanD2AIYDYCDIgbD145nCc5k94YEyDuSSALQYkysBZuw5xtS0gq1sb5PMlV1ATZQCDII32B8EqthYeO8nA9UCo0rFRgqrJW51BrtFwI1Adt52wG1TwAzs5aWABtAM+ISeJInFnT+o+7IfSHWSmlyrWMlrkyCLSeZ+pxfYLXRbWzVWnU102ZTYErqXkknzuSYjmbYaZfNVcwnvTqKoPw8m4u1gJBn0Pe2DumdXyLKrNlUJAgFV1CLWgGANuOMG5z2sy2jRcKBAVVCgD0BMfXAe1VDJU7sx3TeuPTqvUVgragGThlFrg8+t7+eNOfasafgVZ2h3JPeBP6vjHZ+lSqVB7vg3LbRcxvuf8AJ2nGo9jkylSmFNNQ5gpUkjUf4WF1Jm9xjSqjRu6B8/la1Ue8ak4SDplHadv4QR8j5zHBPs5VzmXos60i9NSZO8DtokOAO+0dsNMn1xcutTL17rJ0yJmfLnv8zjv2b6zTp+8ps8KbqT57SvGFsfHdiTOe1NQqW1CkDAJQkNcgWmSI3/zhr7I5Oiqtoqghv4xDc+RVh529MA1clRr5bNlkUGmjMrBdmHiERYC0RsQcJeg0sxUDmmqoEUFmYwNpmIJMxwPWMMurQHd0MvaTorlqhZqa0hJ1F1APnE6remBPZKkfdV6g1CGRWZf+633++F+dq6ifeVdTDYGyggxOnk+p+WNB7G5iMtJ0qj1SdRJl2mPCI+EC08kGBzgwBNFftMpT3SyT/pGDxCVDae3n39MNals7pP4KCj6Af5OFftWwqZtApmTaDb4acfK/3wer/wDvq9rCnAjsBTw39heom16YR7pP6R+WJinpDD3SemJjDHyAZgoTVItfSp2YzAJH8IM352veF+sMxdyWOyybjYzyfIdr774Gz2YZqhLNrMxINvp9Bg8ZIIQ9UHWfhpKbtbdv4VAkxub7YbrbOWvEMc6je7VSwGmmGYnjXtA7xbyg+WE56rU8SoQtt13JGxLTJ/IXjfHvUM2tSqxXxBoA3iNx8+McnLgQDYbxB+XnB7zxgRjr5GypheUzNidRnkHn/MkAYmbqlR7ss2oka9rfyH0587cX4/ZzSp02pke8IJEyTzDAG0/w/XjHKqKbxq1VI8TGCtMwNp3bz4Jm9sBVehpyun6dVFfSql1AkSGIsBtMD7doxK71ACuobgD17AxcAbkcEWuMRMzEsRK7ixJN7t6fzHzA5gelmi5lh4eJWQAOBYQN977mb4bsntF/Ry9No1C4lpPh3mPXzG2GgztKoP4GNobY+jSOQO204W5uorggKQQBcSIkmWY9otgNKeplZfEgJkme8c8bAbc4VxUtlI8rWjRJSqL4lYkREBu4gGDfe+5vHyrL1ASTJ1Ek2IMeESCOxwnZCp8JmWhQjGwAuSJjvi+vmKiVYWqyjTI1Eec3jvH2wuLH/kjVh1WszW2OlRDeRuLd4m0fWIo6rVIlgCWi7HmAJIHO4P8AcjAFPqtVSQ5DEWItN5up53OO811Jaggb7gRzEEH5Aeviwyg0+jZpoYVXBphlAmNu/AtEk/aOLYv6bmKji9xtse/PF4PlhL0bNj/SJmJ0HyM29Vv9cN8pUKOo4tfaSPPY8CP0Fkq0G72jVZZyUOr0+KxJP0Jnz7YxXUKJOYqMu3ABt4l2MQZ3Py8r7nKZh4gRIADeE+nBj874yuVzCvUqnSCpYyYsbgCDInYcWxGDptotJWkmAVcu+kjSQRqb4VcCSIjx7iLGAb48qZLLhYFRqhjwoAEALASWJJMTc2HFrYdPQNSzs1OjfUwMl9NiiWnyLA2A72ICimGqvSTSoMDTJPhAkTB5IvtcbRGKqToRxSM7nSwqFqbN5wb9pNzN7fU4lPMVGs7wLgkrewncwNov5jBi0Aw8CvJ5IO9p/Cwnbfvgjp1JSGUkKunfi5KmTzx22xRypE0rZz0fqlKk2gojoSQdRbxSRfUpB3Aue8cRjSUcnk6o93lkq0ju7CqxVO58eonaNxvjPZ3JoyMQROp3/wC0iY8uRh57EotOgzVJDVDcRJIpyAukjmGMzs3NolOSxtFYJ3Q1b2fyNOWqguUTUxZyJ1SEBAIEwCTAWNrycKer5TL00RlhHUeJRcmbjxG4b+mBv8mufqljVRnIUMpbxAzII0zpGxB8RBkEeG8jJ9Y6kSS8EGVKgggBVNiYt4oPqPssMn6UlGK2bLpPSsqlP3lWrVGoXTVaDuu2oj546zvVcvTQ06VLSGXT46hEgSRaZ3McG8YxGU6wfFUc6mVTC8AztHF+fzxoqqI9JFZgrTU8RE3MA6m7SNwLDywZKuxYuzO5qoGBlbbm4MkySI4AjvxjfZTLr+yUkP4fd+V9K6j9Z+uMTVoHUlNhbWFP/cYPygETjVZrqA2m0k8cnV/xisOifJJLsX1iGz6KOHJEdtYXb0XB+UM5jMt8vpA/thHlcwP2pqhOyg/My8ffBXTM3BrW+Jz92fDKrsVy+JuOlMfdLfjEwL0bM6qQImMTGxBkfNsn040m/djW+3vD4VT+kbn137DeeMzTNHU71Pe1WBUBdknc3uWItMCBOLa2eekCW0gGbC0fr9ThZlqj1G1lQbiJP/6jjEoqTdvr/wBFdJUWN0N5Uioi6oaGBB8h8Jv5Wxe+Up0fHVq+9IAISNK/PcsPK23yxbmM/VXfSIMgXA7QVYQfUHAGWzBq1SzXi4v+XfjBWbW3oDSstmo/7wksXEaoJVL+It2YTAXjfcjHOW6e+ghFkxZ6o0pvPhDWJ8z9AcVJ1F6n4tKm0qBx/LIxWnTyf/kQAzyymYkWIP2YjD7XejNBFHJsGOqqajHdaSs8gd2MRxwRiw5JXJApVUMjxMYj0AAB/tgTLJUU6NSgjaagAP8AtJ47YvrUqrQD7szwrR9QxXy74z77BQRTyxViddR2P4Vi39TCQLRYAn0xTm1c0l1aUIYkU4Pnsu5J5Y99+MVVcwyAwaikGPAQY34vPHbF2WRgP3bioDvKqT/t3+kjzxt9igVJ6h1rASTIKyY5/CfTHVUuoXX443I3A7RuR9sGHNsvh92pF702K+pjYfMHHFGigPiaoC1z4wfSRoEes4a/0amcDLBxYAHTIgCZ7yNxxHniNk1ID1IYBZkCCZ2Fj84weuXBOmnqBEHWdvUDnHqojOV1iVJIEW/OCY/V8DIWmIc5kii69WlrELN7840Hs/W101Zj2kkjuBH0729ROBeoU6ZBWppkbAACTE8CQDbBfSEsEtEWgm0Djcix+LjfjC8kriX4U72O891LTRqFWBKoYAmR4dtJmbjhrW9MYChngovdoiW49Af8cY13Wammh7ty5LGJLW4J8I8NgIkGO04Sjpxi2gzBi07fq2F4kkmPzSalRT02pUqL4VOmYDWtO8WAt/c98PBmqVOkKZXtePF94/FPPawnHmTqVaml3AhVZUXj0EC22w2jAOZyTTMldW4JBUi3I8uLed7YDakxtpBFfNU1WTxeTJGwncgjcxcxhbTzlPQQB7xjsvFvhBPlvHduQolXUR6jbkibC/rMffDehTVaMLaFIj+bzWP1OKKCRKXJXQ16QtDLUBWqeKs4lA19A/iAmNRMmeOOZbdMrOaGsWZ0RAW/hbXMR3+IzvjG1lWSSC0AAsZiwgBT5bYe9Lrq1GmOxH4wCIW9oi8bTwNsS5Y6stwTthvURUdFpIZU1DvYwDJZjtJW1jxttGc6slTWTUeFMkAGAdB0b/lY7+WHdRggldXhVSSdLXNwqxwTIgXMT54y/U8yzaT2FvrJntJm3kPkeNDcj0fQPZ/2UoVcuIMs6/Fb4gJFu4N//BwirZdzRAZWGhmVtM7qSGJtIBdo9AMV+w/tI1OsqmwJAI4n8MecwPQ4K9q67JmXCkgNVrQqkCdTCduDzO8Y1SypiuSxsU1GIZYkQwAEE7KSJ3ni8+vl2tVyLEA6iLzEbwJETvvgQqYNyrAknkKRcSQOx+2Ov2kOurTJNpIkHi20SL4oo6OWclJ2VZas0teTq3m1rYJ6ZXaZGxmYPmcAZSoEkFGIO15/5Pyw5yupRA53GkQPpecFitmk6O40Gx+I8emJgXpFKKdysycTAsFmLzWbAqHXBA4W/wAuLYIr5lGRTTcodvECoaY/FBTjkjC7I0VqVCCR34n6f4wyodOdY0QsAlgYIaTKiPMW8UR+bNJFbBamVqWZ1ITUJYMGBU8hhqU/XHNBKlOqAtwSdNuJ3vb54a/+nVUJqU3WkG3TUN+RAlSp4mN4sBizJ5mm0++p+602NRASkkgAlJ8N4E2FxvInJprRnYuz/Si2upTe0EsignxbkLyRz5eYwH0mg5ZWJLLuwnj/AMGRh9mqNRNLUqXvaaXLUXcgG9yoIdfORGA6OeZiV0Isk2EbnkAXneSb+eBcqN/oDn8rCI0sbm5nY2Xy2H3x708SRq92VuCDII8/P5bYN6rmH0BWYQRB2a3pJPa//OKcuxCxC1CNIBOygSY0jk4yejF+XooCwNLxKbBWZpnm7EAYXV6hVoUGeQ945BFhhlrqjVpFLxGRAhhbjFaUarC6FifxXP8AY/fGTo0YuwVM1UaA4D9g1yPIEeL5Xx3QpEnVJkcHyxbmOlOLkMD2MmPoLYuy6V1GgBSCIEjY3vfnz8sbKPgzUvD181VJJBiRAG0T288L6GRqWIN8FZ+o+tpXmIkxaJI+mDtVNSBpGpt5Jm3oft8sa66EbrTFVZKoqrrE6t45jiIkY1fRsqNOokyYj+WPS+/f09EHVGUMiqSTJJBO0giP/OGi9ap0qZIuQogQd4jni3b5YlyZNKi3C1Wyn2qcvUAJsguwUxJvwf19sK0yg3mRa4I/MnBP7RChmIJMkwSP+P15Y5q5tIMIv1IP+DhoqUVRm4ydh+QquVZ2cltUTP8ADtf5TbDnL0lVCzN4/DML23JLTwTcEYznR6lmBj4ptsJHYj7Y19OrNMAhWUAQO0f2+9sSnplErMF0mJYwGaWCjixj9emGFfNLoVWUKZ8ZGmd+w4GA+nVyEIUDxSR5Hcz5ER9MWIi7kwDvFxP+MXdWc+LspzmbCnQjswgeKbeY7RHljTez+corQVSxUjccEySYi4mYP9K7RhHSy9Izc3sF3Yxew4H64xyZpt/8umJtoY/RgR9sLOKmqG45YS2OOtVldVCeJh+Kw95a+oDiTYCwmBGMz1yfFpIsILd43AHEbfI740iiKkAMWiQxvHlEztGwIuNzbGbzmVamWUeITv5G95/PB41QeSd9HPQDoYNMEEGfOZHznDzqmsoHAYjdgCYIMEEk/wAwBn1vhb7KZMtX0Nstz6cC3f8AscfQHVDSamIEqZAB2M7+Ht/bE+WajMrCGUDBnMqo8RddV4IDAW7nf1wEFh/eBtSmxgXAG3hNsMctlJPuw0tMaCIuN/p3xY2UKp8IHZgpg+p/viykkcjTA0dXA1FlHnfaYNog47q5ymASupTG5BP35x5SoPUAjSBsWaAJG4+3GPMz0tp8RtwykEf8fPG+N7BQb015STWEz6duMTBXT+mLo+Ib/rjHmFzRsEU0RU+EVHgm+kKwHey1Afp2x4ckX1CnFVhc6QwYWuTTbxf7Zwn6XTqKpqI9h8V4+3lvI2jDOn1Qe7VGBnUCzD4lmLhuAP8AGKYJdFbTF9WjVpy5CsrCDpBgg9m3DfLjbF/Taq0zqFNtBIU6yo1K06kbVZpXUIB+UmMMar6WiSzNJ96hALCf/kQ+Bt44Ox9Rs9U8CyjLT1trdlEkmBOmWgbbHluDgU72GLS2hjQNMg1L021gP47FnJaQCQUJ0sJBiWBixxH6hSqEJUpqJsGrIC25uailTfsfr3r6VRViyqVYMbPq3A1XK2PJvG33nVcoEUREHkiy3A0+QM2nkGNowrkssRneOSLKuVy7qBSpUY/imrbuZDkAb84v/wDRaPh0oTP/ANN0cGOdLAPPkSPQcZejmnpv8RKSQw7E8EcTv54d1ER6RrUopul3UTcRdwvEbkCxGGaJqQxq5NKTgByGOwqoyeggkp85x7maDrBKRqFodQDHIMkHfg/MYQ0et1fEQxJni4tFiv8AkYMHUyKa1EGl33pmNLQQCdJBEz5c/PE5cXqHjyBdWlrTWW0QCWqEwVm0KRvO2mCDza+FtHOOzgke7TXOkeKVMwSRABUiZj4iO0YO1PUVA8yADpiBqiJO0H+o+nbHf7C6rGm6/ipt4oBPGzRtcTe04VYx02UuXcQbN0r3DAi0ld+3PO9ownzWU0sSPtE/njYdOyrlSaisJbwEm0EA2ECLzY3mcC5rpmsnwgjzHzknjCR5cZUZ8eSsxmThaqk/iMXjdvWZvjQ1cosFSTpi6gATBKtsBws/MbcAdY6OJEEKZteb+R3452x0cxUF6iMGUEqyQQW+shTzE7/I2by2hFHHTE+aoMj6QZXdfMH7eR8xil5Hb9cSMPGcMkCndhLK0DQRyhkyCLEEceeKGyZY/hgf4m5n7euHU/sVx+in2dYmrpvBF7gbERf1I+2NJ+2eApO6ggEC3Mgjsf7YzdIe5SowDazp0+G1rzJ5mDbDOlVX3dN5IVQabNxF7TJ3B45AxOcbdlIOlQpGZ92SCh1ALvYG955gqAQReY7Y8TM8lfrEn7YO6t7sgIwAqBVKMSfGrH4ZvtMwcBU6MCY9Yv67j++KKmrEfZdl67gyDpnnz3i0DFlKm2oP7wEEwbnng+uJl6NSAVkDswaPpE4MFJVBJXwvYm9jwe8eRtgNk2zs5pxWEFfCLg+rEyLRYkb4D6hXJZm1DfgT6T3tA+WCKmXmTDeONgDMAfIX74Dq9P2vp8mI+0CMBUMmgro3UFXMeDbSRJHodiNrH64dJnG1sAYsQJFviOkeWx+3fGapZJ1YMhAI3DWBHrvhtl6R94+YiF0gClJYFj8IJjaQWMDjkTM+SMW7LwbiqLOt1iFLqviezNF0R5JEi4LLyQSBI5wF1LqqAhVY2HiPfjTG2JUFc1BUpl6Ug6gWDyxnU0xAm1v84qbI04AOnV3YQPXfDRxS2JOLk7KsrXpMSHBBGzA7R2GCMuYJUVCb2P8AYzbHFPpittpPnz9P+cX0ukMt1P6+e3/GDKcfsVcb9HuToVNA8I+1/PExdkMkdAtUPnqnExzZfsrgvoyXSKhy9QkjWsxcaub+X/ab4a16GX1yqllZdQAElYPwwIlZNrHngDCbM03YKF/1C8ajEKpn8JG8xJM4vpZbQxAqFmNi0SfD2m45tb88dsnSIxjegjprxVPhqaAviCC2qB4ewMbj0Prxmq/7Sge9MAkBAw8N5EybkrBknk4i1NNWpeAX1qIUxrAb13JEdxgj9qpisAQCHUAhlgiNRB2GnkHY/DvicpOwqKoGQpTjRVKkcrcm9yYMRx9MM8r1PQC1YhlM3ChSe5bf/OI2bpklWYMTHDHymTbFmikwC8eXoRePDzMX2xJyT/JDKDXTFtalSqHXToVlkbJq0tO12F1vYAdsLsl1BdapREFyFEsxkmwBLW+QP1w4yWbKUKolS1IeHUG2NgsgggAxEnYjyxx7L5AsPe6KVPTdYRnPMN46hPzHfyOLKdJ34JhbVDOh0eKB397p8ICrBYAwpJBJvYEkW4F8DdLyi1PdPUBOimRaRFSWLi15G8chrTBhhReuWkClVHClWU/XUAJwJmapXUKlKqjM+rVTYMAYUeFSoYwAL353nEouUk1aHkoprQ792BFgFGwXSB62vMzETPOOaj7FSQomQWuPkLn5/XAdLP5d2CJVCNv+8DJHcGdW/wBME01OkhGL6bfuyrAeRjf6YhKE12iylF9MvV4EnV5jSZNu0CP1bFOZzMAkjbhhEz2YEzB9McVKLkEksReOBHO+3rgI01bUGMrbSpiJni5+xvN+4VR+wtglXOMwnTcmzBjaLxBJkfXfHlCpSa19VgDp+5gi1/1z5W6Q3+pddO0Hwi0c2FuR974GbIWBavTPaDLC+xIBX8tsdCgmtEsmnsYvllsEgtYsDM/8ffkY6qZFSYYok/zASO5mLeZx1QRVCqatMzeCyfkDv+iMGZjLOAAaZCyZIAZbCwIBBM2BvziTyiyyxaF9TpICsHknYL5ebQT584HTpNEAoPhN9IPhJA5liJvuBhpUpEmCVDDhiNto3n/dO2L6dFQLQWkTpaFnYRE24jjnvhc2vQ4ISUegqZ93PhsdhFgdyZ2Ivjyt0cQb6SCAdt/l/jFD9ZYu8OBr0Bg6EToKgElSVO5BIIsDa4w26U61FMmfxEEwN/ERwTqPI7DcHFpKcVdk/g3SEFfKlSpB1XmCDJH+7bHGY6jW0uCvjYkSBZVtYfPj540mZycEG1zcHT9ufoRjlMkhOuII2MT/AMR54y5lWxZcJn6GY00afuwfeTDBgTPMx522x7XyjmoVZTNvhNrgGwI28u87YaVMsoZmMm0MAYMccn1Ij5c4vqgM+nVYEA37WnmNpOC+T6EXGkBZfKuAAE8rzv8AYfrnBvUSoWkjMFsXeSCBAKqNoJNjEd+2LVzbFtC87AW+Ke0xB7xtgKdVZnW60gEUeVizdriMIrltjSklovytGY3VeSVgkcQg2/PywdSprbwh5tAOqPr5+QGFtSC4COwUzCrJvciBeZPEfni6jqSaWqG0/vGF/dg/hED4zzaw9ZxOcH9jRnGi2oUMhVDFTDNJCg3kWN47CPM3Cn3LpUdpVC57kLYekwojYbDyxwOoUaQVacloMCNI+QEmT5m/OAc3m3dv3zrSpj/4gY1f1Ac+WCoyevDZof0uooo0tXQMLEAkwexKgifQ4mFOW64oEUk0oLAKCBsJgT3x7gfxv6GyX2ZmhnfGwBLgjneb38xHHp54vSsLQ6qe0W85M/a+Asr7vV/q0dUmSyVPz1YbVgwTWtTJ6jz7osQe/i1EmSL3vPO/oOOjlUiqioJJ0t4vxEA3E/CN4PltHljivlSTK/PcDib2/K2G2SzFdFEV6Sk8tSCyfpf6jFgzdbVLUkqU73RdJPNyoFvXzjzRwa3YVNPwzHujPAGrbxE/W4+4+WIuZK778fo3+cY1GYy9Gov7p0G/7txpYbWg2b1EHy5wo6h0wrKuGtMgg8eon9euNfkhv2gZ6wZGVdKtUgEnkiIkCSe8R8sNunVVpVkQsoSpSYJ4g4F02KsdUus9/E0gXwnyfQ3eoADCi7ECIAjdogG4Ajkjm2OqNMuzKGYUyWqBFJi0xYC5JuLTHzxnGLX6HhPG/s0WczCU4qapDTpKg/7X8Nj5HseDjz9sYjVI0tuDzxyNsLcrQqnXEwfiDIphpDySN4LEkaj8RiIOK86yo0KRqmX3NyTCmSTIEA3n02xKXFHwym/RnUWkRBQkcEgEbHaZifT6YoHS6RMpKE/wswI84MrPrGKaWZZzOkAHsIPyM4Ny2XXcgnuDqI+lh84wmUo+hxjLwHqZWvTTSlY6QRAZYgdpEgcbnk4qzPUcyqjUF0caWYBrWGpWIF/P8sNipcfDB2kaZHnMiMdZmmCfh3ETY/W1x5E+vkY876ZnxexZnepdWqEqNNNdgBZ7WM6nLeQtxGC81mszpRiSyq97CFOwk2A7dsKOq5QLVZbrqAamNhI+JB3HIPYYbezVVqimk34gQU8oF/I7X+d98dOqs502nTJl+uE1B7xUEW8SAhoAkERMmN/+MXZXOqWd0/dVQJCC9OoL+EqdxHHr86B033i3swJX5qSD2F4HpfAeY6ZUQGZCzImRExtEzgaYVJo0HT+vpU/1AKTyLAEITcHxX0G4OwFsXdT6kiUz7u7mQuhrSRvqBIMfrvjK09epQC6VDHhQxMbkzzud5E8YedFyYMvAaZGtjqBYWPjsSBEQtpBHcic+OEXkykOSb+ILk+naUh5LXbwgSwY7mbLLCV2tHng3/wBMZSukC48SsymATJJjfeYBv3wzWsQukP5yVsTyZWBfFWYzNgpZTNp1RcfMN8p5xB8zb0VjxRS2EaZjVwAJ/CTHbUZ9BinLvwGXfYkgW7CSI+Y9MA1HAHhlokwHcCPQk2+RxELVGtBPZQpJHrMj5/8AOJ46LN0G1KYXxktJMnxiPlMD6YEaqy6mCzdu0nxRAniCT8tseooDPq0BUAG0ktJYgRxJF+4PEYHyOYUIrGRB16gIOqbTNyB5d9sPGNHPOaZX+2lAajpoYSiAiCSR4jBvAWR6mO4wH7OBGBLs8lydMEDvcieO8YC6jmw9Us7SBIFux4HN8WV80hWFbSDa9j//AKJsftjpwdf6c9qxnnupKqkUQEKiNSWsP5iNUepwpbq0JFpklie9rklvlYjYYWVnzFMkgsBwwIIg+gwz6Xm2t7yu4Jv+EegupkntHGCuNRX2G9ky1SrUbwKYYbgQsdtRhY9CTgnJ+z1QsfeOqHnSCxv/ADRA9YOLkzFU2WpVKja9NfW0Aj6jEpdQqba3UzfUzbntFjhW35oaOI+yPR6QQDXWPnrj7BQPtj3AdI1Iu1/n/nHuJfL7K2voQ57JIWmA3mAAw2m2zD0APrjO1WNNzuYMg9vQ/Pc41WYqh7EwoMTpF/qd/phL1rKhTqMaI7gxMiPPuIki8jnHTxyfTIzh6jQ9Fy65ilAJUkcsWBt+IEkGfScKR1GpSZqbFhFhc2NgR6jeT2GOfZbMlKoViSOFHItfDjrnT6b5hiAdLKhEAkzBBsAeQTPmdsO2l2IrekKMh1NdYWsNa7qwsw9DE/LDw9bfwhh72kLLUMho4GuLxJ7i1sZ3N5anTJUMurhI8R8vEbE9oxdnqlRKvu1M2hufkBuefM4GmjbTGr13qn3dNAlM/FTBa9z8ZYBm3iLAyb8YINMLqCwWNmY3kjsPI77dpERiighVFk6QT8KCTv8AxLM949cEBLCGtsADbaLRI/8AOIzn4isYesUZzJlj4nIjYMe28A738j88CU6AS1iSe5H23A8z9sPWpC53/q082iInv2wEBYlQB2JaBPPhkg3wYz8C4ldFypuOeBtF9xf52xbl3VrK1xeIB73m5wI9Zhsx3uFUgk9/E2+LFpqRLhe8NpY+V2v9MZoKYzo5hCsa5gTAaxPnYSPL8sGJmhu7KoGx2nfmbHym/wBITpURSJ7CPCO0Rxi0VEBEHxQYtT+Xj3+d8ScB1I99pw5ojRsxuCO0ksNNltfV5DvgXKHRUWdWplBMwTECJAGktvxxg7NZ7QsuCQEYklrxAEBQIuTb6+WBMpknZ0qVGCKTqKg33EX/AAxwNrCY2xWEsY7JzjlLQzHRVLCo71CNQb3Rfwyb6SAp+nkZ3tz1jTTDVBTAdBK3tMgDwiBaZutoOGSOCdQAn+IlR9PL54V9SrpVdaKjeokkEadIIZtrDaPWMQhKUpWy0oxjCkCHpKe/RXZ6isrmqZI1adMAi0LJFpvAvh2zKoUagBAAQKQBGwELwPPFNFP3rVKpWwKoq+KxMyZnsAPT5Y6rV11QquW7AFieL9hveQMDkk5NLsPHFRT8JmMwiiSyju0r9ogf3++Jl2pvamPeenbmY2HrbA2cNCnPvAr3A0IuxPD1ASOdlIwLmesaF001WmgvCiPKQu7HzePngxha0iU+Rt6GYyqDxO2gAmUJBkCRzbT58XxKnWqaAimNCcPPxERYTdvkCPS4xkq2cvqeLX8ZLEmLfuwAB6E/4wurZpmMwSdgxnbaAthHkZxVcF/kI+ST0Puq9akQg0gmxsCTtYRH1k22wverVIGtX8RG6nmw84v2G+KskHGwGoiJ/F6C4t5AYuqe91DWJEgx2v5nfFVFR0ha0FZrpyL4yXqbKFAK3v5CfISJ88D5gIAoekBIkakZS3ow39cd5HNe6qGCNPvwWVtistfe0GDPpgijn1YQSrrqpnxnxbPqvzwJjnBaYLrQuVXUhlFWmpNoDMP1+eCaVasFISkjyfE3u4na3z87mdsNyVOtopwZEyw3tcFrR3O0Ww26e/hplXKooUFYIvNzteflhZTQ/wDHZncvBpqVoVC06WUS0Gyk3BFttuw7YZU8oyuVgDT/ABAgH5CB9MM6uZMQC/8AqudKNBibMe/kJjEz9QvUYwTBsTeNtp/XriM5lIcdFuXyTadh+vniYJytRtI8K/X/AIxMc2bLYox1VhqJuGJgBhJ37CMLs0zVydTFaa221Fj2AEAD1jAVPOKr3GmD9fKcE1WNyon4hAjzM+kf+bY9JQo4nLezvL01p1FCFmUC5aARJIi3Gx+wxpmr1SsibR8e0xxsY7c4yFPNakYHfSQDtcX9bifthnVzJmQzTsIbeAFHB4GBNNxoMH8rNJlc0zQHWTJvMCw7SfLfCzoOXWnVrVal216FJ4Bhj3gmRfjSe5wBSzLqNbqnIMLfyOrg+WCchm3SykEmmmotO6jTNxufltOJYtRaQW7mhyXY+EBu9jG8c3Ef4OBqpWdTBhpi8ao2uG3/AFMYBq5hiTpiCdgATPNtvUbjecWJmjcTtYiGETzIYr9MTxaKF2ZSbeIAniSCPPwERtvgerQ0QzaRfsp28wv9sFJUYR42aSBANvqslgPMgYqzeXBJ8RPmRNv9pv8APjGToOIAqlmDIDBaApCw3eLzb5DFq5VwTZomzK0kfyiGHI35xd+wMwlfCSCJuTcySI5ntOKU6TIvVMzMwbEWgLrF/WPtiucaJuErBalCqVJTWe87mfMXmP0cD5pqgWGTbaSdvUE/SR8sNsv00eINI1G50qxnzta19sU1svUVjGuItPM2+KTAtwBgqasOLE+XrgnQ1wZgKSRupFpI4+wxcaxSEKjReLRq9TG47d++Os30uoYZNdvxEDnzvbvsPrgeutWdJg99Pi7x8JJsODIt54e4sTaYfS6hsqztwY/XqBxxhhl80xOqAR/EX1RB7mPvGM/RyRZbCB33P03+wxYEi3iA2lxLegj4fM/cm2A4RY6k0aOnmixAAJ89IjjaTf74C6ulUgiXCkXUMYI81A0/fAOXzjAgDwyN5k/7iJ47jB9LMACGdrzeTbubi0+uJY4u0PkpdmeVa5IgEiCBcARyADZZ8u+C8nkHZjrSoTIOpTCi03m5N4ufyOHiVF3BDWAGoEHnbb64serUJQIAEG4CwNt7Th/5P0I+NvoWdP6D4wz3G6h/CJvv3HYDFg6coLFyJkyFIA9NxbBmby1doBBZQum0ed7nfznjC79hqTtUMQPFpBH67gnjAzv0EeOSewnLZRADqV48iI7jkz88W5DKU2ZQHZQSLlYEEj8QEbd8d5PKkboJ7kXPEEjbBaVHWdSaefi1TfzEfXE3NlcKL6vTUkB0VTLyAxOykidU6e8gHbA79Lo6JFNQTTLh1qCAZIIsoMWmcW5diy+IEgiACot9tsWZdkFjaQLNYdvT5R9sD+Ro2KCU6Si6FUVI1KN2IYczwP8At+eLhS1hfBqkPALm5BEbgAdzbjAJqaJC2WJEbd5AH9hHN8UtmgTIcTP4hq+RRQG/I+WFcm/DdDCnlSGeUJ0x4Q3JmSeLW3M3x7mCiVWBfSONW0ACbzbfmOceBy1MTDA+cb8hLR9ceLlaZsiwwNlMADiy2F++JykumMqQ2y6U2WfCfMN/ziYvyOXlBZBFoudvPExOkNkfJc3SWH8I+nrhblf7/wD6nExMetA45Flbf9eWL6Xwj0H5DExMaRkaTpvw/X88F0FGo25x5iY459svEOWiuo+Ffh7DtirOoFK6QF+LYR+EY8xMTX5DHeRqGBc7nn+rHWTcn3kknwjn+bExMJP0K6QxyqCNh8R49cU9RstreD+7YmJicfyGBKbHSL/jP98dZSmPDYbnjExMXZNg/TkF7DnjywtP+s44lrcc8YmJike2IzzSNBtx/jHNLZf6f749xMVXQhzVpjULD6eWFVYeIfrtiYmHiBjGkgjYbHjDeh8P1/viYmEmGPZ7Quwm/gOGWWQdh9Me4mOWZ0RDMvTEiw+npgirRWG8K7dhiYmIvsLO8tRWPhXbsPPHLKI2x5iYd9AFugCtYAb7CPxYY5VB2HxHjyxMTAl0gL0JyiDWbDjjzOOfcKC0Kot2HfExMCPbB4P+k0F0fCu/YeWPMTEw6Mf/2Q=="
Archaeopteryx,Omnivore,1,13.2,1,6,5,150,https://p6.toutiaoimg.com/origin/tos-cn-i-qvj2lq49k0/0bfdd5e850774877bd148a734e77b53f?from=pc
Oviraptor,Carnivore,2.6,44,5.9,5,8,70,https://www.researchgate.net/publication/318726539/figure/fig5/AS:520951063171072@1501215820005/The-living-scene-of-Corythoraptor-jacobsi-gen-et-sp-nov-Drawn-by-Zhao-Chuang_Q640.jpg